sssom_subject_id	sssom_subject_label	sssom_subject_category	sssom_predicate_id	sssom_object_id	sssom_object_label	sssom_object_category	sssom_mapping_justification	sssom_author_id	sssom_author_label	sssom_reviewer_id	sssom_reviewer_label	sssom_creator_id	sssom_creator_label	sssom_subject_type	sssom_object_type	sssom_mapping_date	sssom_object_match_field	sssom_comment	semapv_RegexRemoval	object_source_version	object_url	subject_url	object_namespace
mids:PhysicalSpecimenID	Physical Specimen ID	mids:MIDS0	skos:narrowMatch	dwc:materialSampleID	Material Sample ID	dwc:MaterialSample	semapv:HumanCuration	orcid:0000-0002-3973-1257|orcid:0000-0002-5669-2769	Mathias Dillen|Sam Leeflang			https://orcid.org/0000-0002-3973-1252	Mathias Dillen	rdf property	rdf property	2023-09				http://rs.tdwg.org/dwc/terms	http://rs.tdwg.org/dwc/terms/materialSampleID	https://tdwg.github.io    /mids-reorganization/information-elements#PhysicalSpecimenID	dwc
mids:PhysicalSpecimenID	Physical Specimen ID	mids:MIDS0	skos:narrowMatch	dwc:catalogNumber	Catalog Number	dwc:Occurrence	semapv:HumanCuration	orcid:0000-0002-3973-1257	Mathias Dillen			https://orcid.org/0000-0002-3973-1253	Mathias Dillen	rdf property	rdf property	2023-09				http://rs.tdwg.org/dwc/terms	http://rs.tdwg.org/dwc/terms/catalogNumber	https://tdwg.github.io    /mids-reorganization/information-elements#PhysicalSpecimenID	dwc
mids:PhysicalSpecimenID	Physical Specimen ID	mids:MIDS0	skos:narrowMatch	dwc:otherCatalogNumbers	Other Catalog Numbers	dwc:Occurrence	semapv:HumanCuration	orcid:0000-0002-3973-1257	Mathias Dillen			https://orcid.org/0000-0002-3973-1254	Mathias Dillen	rdf property	rdf property	2023-09				http://rs.tdwg.org/dwc/terms	http://rs.tdwg.org/dwc/terms/otherCatalogNumbers	https://tdwg.github.io    /mids-reorganization/information-elements#PhysicalSpecimenID	dwc
mids:PhysicalSpecimenID	Physical Specimen ID	mids:MIDS0	skos:narrowMatch	dwc:occurrenceID	Occurrence ID	dwc:Occurrence	semapv:HumanCuration	orcid:0000-0002-5669-2769	Sam Leeflang			https://orcid.org/0000-0002-3973-1254	Mathias Dillen	rdf property	rdf property	2023-09				http://rs.tdwg.org/dwc/terms	http://rs.tdwg.org/dwc/terms/occurrenceID	https://tdwg.github.io    /mids-reorganization/information-elements#PhysicalSpecimenID	dwc
mids:PhysicalSpecimenID	Physical Specimen ID	mids:MIDS0	skos:narrowMatch	dwc:materialEntityID	Material Entity ID	dwc:MaterialEntity	semapv:HumanCuration	orcid:0000-0002-3090-1761	Wouter Addink			https://orcid.org/0000-0002-3973-1254	Mathias Dillen	rdf property	rdf property	2023-09				http://rs.tdwg.org/dwc/terms	http://rs.tdwg.org/dwc/terms/materialEntityID	https://tdwg.github.io    /mids-reorganization/information-elements#PhysicalSpecimenID	dwc
mids:Organization	Organization	mids:MIDS0	skos:narrowMatch	dwc:ownerInstitutionCode	Owner Institution Code	dwc:Record-level	semapv:HumanCuration	orcid:0000-0002-3973-1257	Mathias Dillen			https://orcid.org/0000-0002-3973-1255	Mathias Dillen	rdf property	rdf property	2023-09				http://rs.tdwg.org/dwc/terms	http://rs.tdwg.org/dwc/terms/ownerInstitutionCode	https://tdwg.github.io    /mids-reorganization/information-elements#Organization	dwc
mids:Organization	Organization	mids:MIDS0	skos:narrowMatch	dwc:institutionID	Institution ID	dwc:Record-level	semapv:HumanCuration	orcid:0000-0002-3973-1257|orcid:0000-0002-5669-2769	Mathias Dillen|Sam Leeflang			https://orcid.org/0000-0002-3973-1256	Mathias Dillen	rdf property	rdf property	2023-09				http://rs.tdwg.org/dwc/terms	http://rs.tdwg.org/dwc/terms/institutionID	https://tdwg.github.io    /mids-reorganization/information-elements#Organization	dwc
mids:Organization	Organization	mids:MIDS0	skos:narrowMatch	dwc:institutionCode	Institution Code	dwc:Record-level	semapv:HumanCuration	orcid:0000-0002-3973-1257|orcid:0000-0002-5669-2769	Mathias Dillen|Sam Leeflang			https://orcid.org/0000-0002-3973-1257	Mathias Dillen	rdf property	rdf property	2023-09				http://rs.tdwg.org/dwc/terms	http://rs.tdwg.org/dwc/terms/institutionCode	https://tdwg.github.io    /mids-reorganization/information-elements#Organization	dwc
mids:Name	Name	mids:MIDS1	skos:narrowMatch	dwc:vernacularName	Vernacular Name	dwc:Taxon	semapv:HumanCuration	orcid:0000-0002-3973-1257	Mathias Dillen			https://orcid.org/0000-0002-3973-1259	Mathias Dillen	rdf property	rdf property	2023-09				http://rs.tdwg.org/dwc/terms	http://rs.tdwg.org/dwc/terms/vernacularName	https://tdwg.github.io    /mids-reorganization/information-elements#Name	dwc
mids:Name	Name	mids:MIDS1	skos:narrowMatch	dwc:verbatimIdentification	Verbatim Identification	dwc:Identification	semapv:HumanCuration	hhttps://orcid.org/0000-0002-5819-9134	Ben Norton			hhttps://orcid.org/0000-0002-5819-9134	Ben Norton	rdf property	rdf property	2025-09-24				http://rs.tdwg.org/dwc/terms	http://rs.tdwg.org/dwc/terms/verbatimIdentification	https://tdwg.github.io    /mids-reorganization/information-elements#Name	dwc
mids:Name	Name	mids:MIDS1	skos:narrowMatch	dwc:scientificName	Scientific Name	dwc:Taxon	semapv:HumanCuration	hhttps://orcid.org/0000-0002-5819-9134	Ben Norton			hhttps://orcid.org/0000-0002-5819-9134	Ben Norton	rdf property	rdf property	2025-09-24		Although scientificName is not recommended for recording classifications of geological specimens, the lack of a more appropriate term requires that the term be included here. The Mineralogy Extension and DWC DP will fix this issue once ratified.		http://rs.tdwg.org/dwc/terms	http://rs.tdwg.org/dwc/terms/scientificName	https://tdwg.github.io    /mids-reorganization/information-elements#Name	dwc
mids:ObjectType	Object Type	mids:MIDS1	skos:exactMatch	dwc:preparations	Preparations	dwc:MaterialEntity	semapv:HumanCuration	orcid:0000-0002-3973-1257|orcid:0000-0002-5669-2769	Mathias Dillen|Sam Leeflang			https://orcid.org/0000-0002-3973-1261	Mathias Dillen	rdf property	rdf property	2023-09				http://rs.tdwg.org/dwc/terms	http://rs.tdwg.org/dwc/terms/preparations	https://tdwg.github.io    /mids-reorganization/information-elements#ObjectType	dwc
mids:ObjectType	Object Type	mids:MIDS1	skos:exactMatch	dwc:materialEntityType	Material Entity Type	dwc:MaterialEntity	semapv:HumanCuration	hhttps://orcid.org/0000-0002-5819-9134	Ben Norton			hhttps://orcid.org/0000-0002-5819-9134	Ben Norton	rdf property	rdf property					http://rs.tdwg.org/dwc/terms	http://rs.tdwg.org/dwc/terms/materialEntityType	https://tdwg.github.io    /mids-reorganization/information-elements#ObjectType	dwc
mids:License	License	mids:MIDS1	skos:exactMatch	dc:license	License	dwc:Record-level	semapv:HumanCuration	orcid:0000-0002-3973-1257|orcid:0000-0002-5669-2769	Mathias Dillen|Sam Leeflang			https://orcid.org/0000-0002-3973-1262	Mathias Dillen	rdf property	rdf property	2023-09				http://rs.tdwg.org/dwc/terms	dc:license	https://tdwg.github.io    /mids-reorganization/information-elements#License	dwc
mids:Modified	Modified	mids:MIDS1	skos:exactMatch	dc:modified	Modified	dwc:Record-level	semapv:HumanCuration	orcid:0000-0002-3973-1257|orcid:0000-0002-5669-2769	Mathias Dillen|Sam Leeflang			https://orcid.org/0000-0002-3973-1263	Mathias Dillen	rdf property	rdf property	2023-09				http://rs.tdwg.org/dwc/terms	dc:modified	https://tdwg.github.io    /mids-reorganization/information-elements#Modified	dwc
mids:QualitativeLocation	Qualitative Location	mids:MIDS2	skos:narrowMatch	dwc:locality	Locality	dwc:Location	semapv:HumanCuration	orcid:0000-0002-3973-1257|orcid:0000-0002-5669-2769	Mathias Dillen|Sam Leeflang			https://orcid.org/0000-0002-3973-1264	Mathias Dillen	rdf property	rdf property	2023-09				http://rs.tdwg.org/dwc/terms	http://rs.tdwg.org/dwc/terms/locality	https://tdwg.github.io    /mids-reorganization/information-elements#QualitativeLocation	dwc
mids:QualitativeLocation	Qualitative Location	mids:MIDS2	skos:narrowMatch	dwc:county	County	dwc:Location	semapv:HumanCuration	orcid:0000-0002-3973-1257|orcid:0000-0002-5669-2769	Mathias Dillen|Sam Leeflang			https://orcid.org/0000-0002-3973-1265	Mathias Dillen	rdf property	rdf property	2023-09				http://rs.tdwg.org/dwc/terms	http://rs.tdwg.org/dwc/terms/county	https://tdwg.github.io    /mids-reorganization/information-elements#QualitativeLocation	dwc
mids:QualitativeLocation	Qualitative Location	mids:MIDS2	skos:narrowMatch	dwc:municipality	Municipality	dwc:Location	semapv:HumanCuration	orcid:0000-0002-3973-1257|orcid:0000-0002-5669-2769	Mathias Dillen|Sam Leeflang			https://orcid.org/0000-0002-3973-1266	Mathias Dillen	rdf property	rdf property	2023-09				http://rs.tdwg.org/dwc/terms	http://rs.tdwg.org/dwc/terms/municipality	https://tdwg.github.io    /mids-reorganization/information-elements#QualitativeLocation	dwc
mids:QualitativeLocation	Qualitative Location	mids:MIDS2	skos:narrowMatch	dwc:verbatimLocality	Verbatim Locality	dwc:Location	semapv:HumanCuration	orcid:0000-0002-3973-1257	Mathias Dillen			https://orcid.org/0000-0002-3973-1267	Mathias Dillen	rdf property	rdf property	2023-09				http://rs.tdwg.org/dwc/terms	http://rs.tdwg.org/dwc/terms/verbatimLocality	https://tdwg.github.io    /mids-reorganization/information-elements#QualitativeLocation	dwc
mids:QualitativeLocation	Qualitative Location	mids:MIDS2	skos:narrowMatch	dwc:island	Island	dwc:Location	semapv:HumanCuration	orcid:0000-0002-3973-1257|orcid:0000-0002-5669-2769	Mathias Dillen|Sam Leeflang			https://orcid.org/0000-0002-3973-1268	Mathias Dillen	rdf property	rdf property	2023-09				http://rs.tdwg.org/dwc/terms	http://rs.tdwg.org/dwc/terms/island	https://tdwg.github.io    /mids-reorganization/information-elements#QualitativeLocation	dwc
mids:QualitativeLocation	Qualitative Location	mids:MIDS2	skos:narrowMatch	dwc:verbatimCoordinates	Verbatim Coordinates	dwc:Location	semapv:HumanCuration	orcid:0000-0002-3973-1257	Mathias Dillen			https://orcid.org/0000-0002-3973-1269	Mathias Dillen	rdf property	rdf property	2023-09				http://rs.tdwg.org/dwc/terms	http://rs.tdwg.org/dwc/terms/verbatimCoordinates	https://tdwg.github.io    /mids-reorganization/information-elements#QualitativeLocation	dwc
mids:QualitativeLocation	Qualitative Location	mids:MIDS2	owl:intersectionOf	dwc:verbatimLongitude	Verbatim Longitude	dwc:Location	semapv:HumanCuration	orcid:0000-0002-3973-1257	Mathias Dillen			https://orcid.org/0000-0002-3973-1272	Mathias Dillen	rdf property	rdf property	2023-09	dwc:verbatimLongitude|dwc:verbatimLatitude	All properties in object_match_field need to be present		http://rs.tdwg.org/dwc/terms	http://rs.tdwg.org/dwc/terms/verbatimLongitude	https://tdwg.github.io    /mids-reorganization/information-elements#QualitativeLocation	dwc
mids:QualitativeLocation	Qualitative Location	mids:MIDS2	owl:intersectionOf	dwc:verbatimLatitude	Verbatim Latitude	dwc:Location	semapv:HumanCuration	orcid:0000-0002-3973-1257	Mathias Dillen			https://orcid.org/0000-0002-3973-1273	Mathias Dillen	rdf property	rdf property	2023-09				http://rs.tdwg.org/dwc/terms	http://rs.tdwg.org/dwc/terms/verbatimLatitude	https://tdwg.github.io    /mids-reorganization/information-elements#QualitativeLocation	dwc
mids:QualitativeLocation	Qualitative Location	mids:MIDS2	skos:narrowMatch	dwc:continent	Continent	dwc:Location	semapv:HumanCuration	orcid:0000-0002-5669-2769	Sam Leeflang			https://orcid.org/0000-0002-3973-1274	Mathias Dillen	rdf property	rdf property	2023-09				http://rs.tdwg.org/dwc/terms	http://rs.tdwg.org/dwc/terms/continent	https://tdwg.github.io    /mids-reorganization/information-elements#QualitativeLocation	dwc
mids:QualitativeLocation	Qualitative Location	mids:MIDS2	skos:narrowMatch	dwc:country	Country	dwc:Location	semapv:HumanCuration	orcid:0000-0002-5669-2769	Sam Leeflang			https://orcid.org/0000-0002-3973-1275	Mathias Dillen	rdf property	rdf property	2023-09				http://rs.tdwg.org/dwc/terms	http://rs.tdwg.org/dwc/terms/country	https://tdwg.github.io    /mids-reorganization/information-elements#QualitativeLocation	dwc
mids:QualitativeLocation	Qualitative Location	mids:MIDS2	skos:narrowMatch	dwc:countryCode	Country Code	dwc:Location	semapv:HumanCuration	orcid:0000-0002-5669-2769	Sam Leeflang			https://orcid.org/0000-0002-3973-1276	Mathias Dillen	rdf property	rdf property	2023-09				http://rs.tdwg.org/dwc/terms	http://rs.tdwg.org/dwc/terms/countryCode	https://tdwg.github.io    /mids-reorganization/information-elements#QualitativeLocation	dwc
mids:QualitativeLocation	Qualitative Location	mids:MIDS2	skos:narrowMatch	dwc:islandGroup	Island Group	dwc:Location	semapv:HumanCuration	orcid:0000-0002-5669-2769	Sam Leeflang			https://orcid.org/0000-0002-3973-1277	Mathias Dillen	rdf property	rdf property	2023-09				http://rs.tdwg.org/dwc/terms	http://rs.tdwg.org/dwc/terms/islandGroup	https://tdwg.github.io    /mids-reorganization/information-elements#QualitativeLocation	dwc
mids:QualitativeLocation	Qualitative Location	mids:MIDS2	skos:narrowMatch	dwc:stateProvince	State Province	dwc:Location	semapv:HumanCuration	orcid:0000-0002-5669-2769	Sam Leeflang			https://orcid.org/0000-0002-3973-1278	Mathias Dillen	rdf property	rdf property	2023-09				http://rs.tdwg.org/dwc/terms	http://rs.tdwg.org/dwc/terms/stateProvince	https://tdwg.github.io    /mids-reorganization/information-elements#QualitativeLocation	dwc
mids:QualitativeLocation	Qualitative Location	mids:MIDS2	skos:narrowMatch	dwc:waterBody	Water Body	dwc:Location	semapv:HumanCuration	orcid:0000-0002-5669-2769	Sam Leeflang			https://orcid.org/0000-0002-3973-1279	Mathias Dillen	rdf property	rdf property	2023-09				http://rs.tdwg.org/dwc/terms	http://rs.tdwg.org/dwc/terms/waterBody	https://tdwg.github.io    /mids-reorganization/information-elements#QualitativeLocation	dwc
mids:QualitativeLocation	Qualitative Location	mids:MIDS2	skos:narrowMatch	dwc:higherGeography	Higher Geography	dwc:Location	semapv:HumanCuration	orcid:0000-0001-9144-2848	Elspeth Haston			https://orcid.org/0000-0002-3973-1279	Mathias Dillen	rdf property	rdf property	2023-09				http://rs.tdwg.org/dwc/terms	http://rs.tdwg.org/dwc/terms/higherGeography	https://tdwg.github.io    /mids-reorganization/information-elements#QualitativeLocation	dwc
mids:QuantitativeLocation	Quantitative Location	mids:MIDS2	skos:exactMatch	dwc:locationID	Location ID	dwc:Location	semapv:HumanCuration	orcid:0000-0002-3973-1257	Mathias Dillen			https://orcid.org/0000-0002-3973-1274	Mathias Dillen	rdf property	rdf property	2023-09				http://rs.tdwg.org/dwc/terms	http://rs.tdwg.org/dwc/terms/locationID	https://tdwg.github.io    /mids-reorganization/information-elements#QuantitativeLocation	dwc
mids:QuantitativeLocation	Quantitative Location	mids:MIDS2	owl:intersectionOf	dwc:decimalLatitude	Decimal Latitude	dwc:Location	semapv:HumanCuration	orcid:0000-0002-3973-1257	Mathias Dillen			https://orcid.org/0000-0002-3973-1275	Mathias Dillen	rdf property	rdf property	2023-09				http://rs.tdwg.org/dwc/terms	http://rs.tdwg.org/dwc/terms/decimalLatitude	https://tdwg.github.io    /mids-reorganization/information-elements#QuantitativeLocation	dwc
mids:QuantitativeLocation	Quantitative Location	mids:MIDS2	owl:intersectionOf	dwc:decimalLongitude	Decimal Longitude	dwc:Location	semapv:HumanCuration	orcid:0000-0002-3973-1257	Mathias Dillen			https://orcid.org/0000-0002-3973-1276	Mathias Dillen	rdf property	rdf property	2023-09	dwc:decimalLatitude|dwc:decimalLongitude	All properties in object_match_field need to be present		http://rs.tdwg.org/dwc/terms	http://rs.tdwg.org/dwc/terms/decimalLongitude	https://tdwg.github.io    /mids-reorganization/information-elements#QuantitativeLocation	dwc
mids:QuantitativeLocation	Quantitative Location	mids:MIDS2	skos:narrowMatch	dwc:footprintWKT	Footprint WKT	dwc:Location	semapv:HumanCuration	orcid:0000-0002-3973-1257	Mathias Dillen			https://orcid.org/0000-0002-3973-1280	Mathias Dillen	rdf property	rdf property	2023-09				http://rs.tdwg.org/dwc/terms	http://rs.tdwg.org/dwc/terms/footprintWKT	https://tdwg.github.io    /mids-reorganization/information-elements#QuantitativeLocation	dwc
mids:GeologicalContext	Geological Context	mids:MIDS2	skos:narrowMatch	dwc:earliestAgeOrLowestStage	Earliest Age Or Lowest Stage	dwc:GeologicalContext	semapv:HumanCuration	orcid:0000-0002-5669-2769	Sam Leeflang			https://orcid.org/0000-0002-5669-2769	Sam Leeflang	rdf property	rdf property	2023-09-13				http://rs.tdwg.org/dwc/terms	http://rs.tdwg.org/dwc/terms/earliestAgeOrLowestStage	https://tdwg.github.io    /mids-reorganization/information-elements#GeologicalContext	dwc
mids:GeologicalContext	Geological Context	mids:MIDS2	skos:narrowMatch	dwc:earliestEonOrLowestEonothem	Earliest Eon Or Lowest Eonothem	dwc:GeologicalContext	semapv:HumanCuration	orcid:0000-0002-5669-2769	Sam Leeflang			https://orcid.org/0000-0002-5669-2769	Sam Leeflang	rdf property	rdf property	2023-09-13				http://rs.tdwg.org/dwc/terms	http://rs.tdwg.org/dwc/terms/earliestEonOrLowestEonothem	https://tdwg.github.io    /mids-reorganization/information-elements#GeologicalContext	dwc
mids:GeologicalContext	Geological Context	mids:MIDS2	skos:narrowMatch	dwc:earliestEpochOrLowestSeries	Earliest Epoch Or Lowest Series	dwc:GeologicalContext	semapv:HumanCuration	orcid:0000-0002-5669-2769	Sam Leeflang			https://orcid.org/0000-0002-5669-2769	Sam Leeflang	rdf property	rdf property	2023-09-13				http://rs.tdwg.org/dwc/terms	http://rs.tdwg.org/dwc/terms/earliestEpochOrLowestSeries	https://tdwg.github.io    /mids-reorganization/information-elements#GeologicalContext	dwc
mids:GeologicalContext	Geological Context	mids:MIDS2	skos:narrowMatch	dwc:earliestEraOrLowestErathem	Earliest Era Or Lowest Erathem	dwc:GeologicalContext	semapv:HumanCuration	orcid:0000-0002-5669-2769	Sam Leeflang			https://orcid.org/0000-0002-5669-2769	Sam Leeflang	rdf property	rdf property	2023-09-13				http://rs.tdwg.org/dwc/terms	http://rs.tdwg.org/dwc/terms/earliestEraOrLowestErathem	https://tdwg.github.io    /mids-reorganization/information-elements#GeologicalContext	dwc
mids:GeologicalContext	Geological Context	mids:MIDS2	skos:narrowMatch	dwc:earliestPeriodOrLowestSystem	Earliest Period Or Lowest System	dwc:GeologicalContext	semapv:HumanCuration	orcid:0000-0002-5669-2769	Sam Leeflang			https://orcid.org/0000-0002-5669-2769	Sam Leeflang	rdf property	rdf property	2023-09-13				http://rs.tdwg.org/dwc/terms	http://rs.tdwg.org/dwc/terms/earliestPeriodOrLowestSystem	https://tdwg.github.io    /mids-reorganization/information-elements#GeologicalContext	dwc
mids:GeologicalContext	Geological Context	mids:MIDS2	skos:narrowMatch	dwc:latestAgeOrHighestStage	Latest Age Or Highest Stage	dwc:GeologicalContext	semapv:HumanCuration	orcid:0000-0002-5669-2769	Sam Leeflang			https://orcid.org/0000-0002-5669-2769	Sam Leeflang	rdf property	rdf property	2023-09-13				http://rs.tdwg.org/dwc/terms	http://rs.tdwg.org/dwc/terms/latestAgeOrHighestStage	https://tdwg.github.io    /mids-reorganization/information-elements#GeologicalContext	dwc
mids:GeologicalContext	Geological Context	mids:MIDS2	skos:narrowMatch	dwc:latestEonOrHighestEonothem	Latest Eon Or Highest Eonothem	dwc:GeologicalContext	semapv:HumanCuration	orcid:0000-0002-5669-2769	Sam Leeflang			https://orcid.org/0000-0002-5669-2769	Sam Leeflang	rdf property	rdf property	2023-09-13				http://rs.tdwg.org/dwc/terms	http://rs.tdwg.org/dwc/terms/latestEonOrHighestEonothem	https://tdwg.github.io    /mids-reorganization/information-elements#GeologicalContext	dwc
mids:GeologicalContext	Geological Context	mids:MIDS2	skos:narrowMatch	dwc:latestEpochOrHighestSeries	Latest Epoch Or Highest Series	dwc:GeologicalContext	semapv:HumanCuration	orcid:0000-0002-5669-2769	Sam Leeflang			https://orcid.org/0000-0002-5669-2769	Sam Leeflang	rdf property	rdf property	2023-09-13				http://rs.tdwg.org/dwc/terms	http://rs.tdwg.org/dwc/terms/latestEpochOrHighestSeries	https://tdwg.github.io    /mids-reorganization/information-elements#GeologicalContext	dwc
mids:GeologicalContext	Geological Context	mids:MIDS2	skos:narrowMatch	dwc:latestEraOrHighestErathem	Latest Era Or Highest Erathem	dwc:GeologicalContext	semapv:HumanCuration	orcid:0000-0002-5669-2769	Sam Leeflang			https://orcid.org/0000-0002-5669-2769	Sam Leeflang	rdf property	rdf property	2023-09-13				http://rs.tdwg.org/dwc/terms	http://rs.tdwg.org/dwc/terms/latestEraOrHighestErathem	https://tdwg.github.io    /mids-reorganization/information-elements#GeologicalContext	dwc
mids:GeologicalContext	Geological Context	mids:MIDS2	skos:narrowMatch	dwc:latestPeriodOrHighestSystem	Latest Period Or Highest System	dwc:GeologicalContext	semapv:HumanCuration	orcid:0000-0002-5669-2769	Sam Leeflang			https://orcid.org/0000-0002-5669-2769	Sam Leeflang	rdf property	rdf property	2023-09-13				http://rs.tdwg.org/dwc/terms	http://rs.tdwg.org/dwc/terms/latestPeriodOrHighestSystem	https://tdwg.github.io    /mids-reorganization/information-elements#GeologicalContext	dwc
mids:GeologicalContext	Geological Context	mids:MIDS2	skos:narrowMatch	dwc:bed	Bed	dwc:GeologicalContext	semapv:HumanCuration	orcid:0000-0002-5669-2769	Sam Leeflang			https://orcid.org/0000-0002-5669-2769	Sam Leeflang	rdf property	rdf property	2023-09-13				http://rs.tdwg.org/dwc/terms	http://rs.tdwg.org/dwc/terms/bed	https://tdwg.github.io    /mids-reorganization/information-elements#GeologicalContext	dwc
mids:GeologicalContext	Geological Context	mids:MIDS2	skos:narrowMatch	dwc:formation	Formation	dwc:GeologicalContext	semapv:HumanCuration	orcid:0000-0002-5669-2769	Sam Leeflang			https://orcid.org/0000-0002-5669-2769	Sam Leeflang	rdf property	rdf property	2023-09-13				http://rs.tdwg.org/dwc/terms	http://rs.tdwg.org/dwc/terms/formation	https://tdwg.github.io    /mids-reorganization/information-elements#GeologicalContext	dwc
mids:GeologicalContext	Geological Context	mids:MIDS2	skos:narrowMatch	dwc:group	Group	dwc:GeologicalContext	semapv:HumanCuration	orcid:0000-0002-5669-2769	Sam Leeflang			https://orcid.org/0000-0002-5669-2769	Sam Leeflang	rdf property	rdf property	2023-09-13				http://rs.tdwg.org/dwc/terms	http://rs.tdwg.org/dwc/terms/group	https://tdwg.github.io    /mids-reorganization/information-elements#GeologicalContext	dwc
mids:GeologicalContext	Geological Context	mids:MIDS2	skos:narrowMatch	dwc:member	Member	dwc:GeologicalContext	semapv:HumanCuration	orcid:0000-0002-5669-2769	Sam Leeflang			https://orcid.org/0000-0002-5669-2769	Sam Leeflang	rdf property	rdf property	2023-09-13				http://rs.tdwg.org/dwc/terms	http://rs.tdwg.org/dwc/terms/member	https://tdwg.github.io    /mids-reorganization/information-elements#GeologicalContext	dwc
mids:GeologicalContext	Geological Context	mids:MIDS2	skos:narrowMatch	dwc:highestBiostratigraphicZone	Highest Biostratigraphic Zone	dwc:GeologicalContext	semapv:HumanCuration	orcid:0000-0002-5669-2769	Sam Leeflang			https://orcid.org/0000-0002-5669-2769	Sam Leeflang	rdf property	rdf property	2023-09-13				http://rs.tdwg.org/dwc/terms	http://rs.tdwg.org/dwc/terms/highestBiostratigraphicZone	https://tdwg.github.io    /mids-reorganization/information-elements#GeologicalContext	dwc
mids:GeologicalContext	Geological Context	mids:MIDS2	skos:narrowMatch	dwc:lowestBiostratigraphicZone	Lowest Biostratigraphic Zone	dwc:GeologicalContext	semapv:HumanCuration	orcid:0000-0002-5669-2769	Sam Leeflang			https://orcid.org/0000-0002-5669-2769	Sam Leeflang	rdf property	rdf property	2023-09-13				http://rs.tdwg.org/dwc/terms	http://rs.tdwg.org/dwc/terms/lowestBiostratigraphicZone	https://tdwg.github.io    /mids-reorganization/information-elements#GeologicalContext	dwc
mids:GeographicalLocalityID	Geographical Locality ID	mids:MIDS3	owl:intersectionOf	dwc:geodeticDatum	Geodetic Datum	dwc:Location	semapv:HumanCuration	orcid:0000-0002-3973-1257|orcid:0000-0002-5669-2769	Mathias Dillen|Sam Leeflang			https://orcid.org/0000-0002-3973-1277	Mathias Dillen	rdf property	rdf property	2023-09				http://rs.tdwg.org/dwc/terms	http://rs.tdwg.org/dwc/terms/geodeticDatum	https://tdwg.github.io    /mids-reorganization/information-elements#GeographicalLocalityID	dwc
mids:GeographicalLocalityID	Geographical Locality ID	mids:MIDS3	owl:intersectionOf	dwc:coordinateUncertaintyInMeters	Coordinate Uncertainty In Meters	dwc:Location	semapv:HumanCuration	orcid:0000-0002-3973-1257	Mathias Dillen			https://orcid.org/0000-0002-3973-1278	Mathias Dillen	rdf property	rdf property	2023-09				http://rs.tdwg.org/dwc/terms	http://rs.tdwg.org/dwc/terms/coordinateUncertaintyInMeters	https://tdwg.github.io    /mids-reorganization/information-elements#GeographicalLocalityID	dwc
mids:GeographicalLocalityID	Geographical Locality ID	mids:MIDS3	owl:intersectionOf	dwc:coordinatePrecision	Coordinate Precision	dwc:Location	semapv:HumanCuration	orcid:0000-0002-3973-1257	Mathias Dillen			https://orcid.org/0000-0002-3973-1279	Mathias Dillen	rdf property	rdf property	2023-09				http://rs.tdwg.org/dwc/terms	http://rs.tdwg.org/dwc/terms/coordinatePrecision	https://tdwg.github.io    /mids-reorganization/information-elements#GeographicalLocalityID	dwc
mids:GeographicalLocalityID	Geographical Locality ID	mids:MIDS3	owl:intersectionOf	dwc:footprintSRS	Footprint SRS	dwc:Location	semapv:HumanCuration	orcid:0000-0002-3973-1257	Mathias Dillen			https://orcid.org/0000-0002-3973-1281	Mathias Dillen	rdf property	rdf property	2023-09				http://rs.tdwg.org/dwc/terms	http://rs.tdwg.org/dwc/terms/footprintSRS	https://tdwg.github.io    /mids-reorganization/information-elements#GeographicalLocalityID	dwc
mids:GeographicalLocalityID	Geographical Locality ID	mids:MIDS3	skos:exactMatch	dwc:locationID	Location ID	dwc:Location	semapv:HumanCuration	orcid:0000-0002-3973-1257	Mathias Dillen			https://orcid.org/0000-0002-3973-1274	Mathias Dillen	rdf property	rdf property	2023-09				http://rs.tdwg.org/dwc/terms	http://rs.tdwg.org/dwc/terms/locationID	https://tdwg.github.io    /mids-reorganization/information-elements#GeographicalLocalityID	dwc
mids:GeographicalLocalityID	Geographical Locality ID	mids:MIDS3	owl:intersectionOf	dwc:decimalLatitude	Decimal Latitude	dwc:Location	semapv:HumanCuration	orcid:0000-0002-3973-1257	Mathias Dillen			https://orcid.org/0000-0002-3973-1275	Mathias Dillen	rdf property	rdf property	2023-09				http://rs.tdwg.org/dwc/terms	http://rs.tdwg.org/dwc/terms/decimalLatitude	https://tdwg.github.io    /mids-reorganization/information-elements#GeographicalLocalityID	dwc
mids:GeographicalLocalityID	Geographical Locality ID	mids:MIDS3	owl:intersectionOf	dwc:decimalLongitude	Decimal Longitude	dwc:Location	semapv:HumanCuration	orcid:0000-0002-3973-1257	Mathias Dillen			https://orcid.org/0000-0002-3973-1276	Mathias Dillen	rdf property	rdf property	2023-09	dwc:decimalLatitude|dwc:decimalLongitude|dwc:coordinatePrecision|dwc:coordinateUncertaintyInMeters|dwc:geodeticDatum	All properties in object_match_field need to be present		http://rs.tdwg.org/dwc/terms	http://rs.tdwg.org/dwc/terms/decimalLongitude	https://tdwg.github.io    /mids-reorganization/information-elements#GeographicalLocalityID	dwc
mids:GeographicalLocalityID	Geographical Locality ID	mids:MIDS3	owl:intersectionOf	dwc:footprintWKT	Footprint WKT	dwc:Location	semapv:HumanCuration	orcid:0000-0002-3973-1257	Mathias Dillen			https://orcid.org/0000-0002-3973-1280	Mathias Dillen	rdf property	rdf property	2023-09	dwc:footprintWKT|dwc:footprintSRS	All properties in object_match_field need to be present		http://rs.tdwg.org/dwc/terms	http://rs.tdwg.org/dwc/terms/footprintWKT	https://tdwg.github.io    /mids-reorganization/information-elements#GeographicalLocalityID	dwc
mids:InstitutionID	Institution ID	mids:MIDS3	skos:exactMatch	dwc:institutionID	Institution ID	dwc:Record-level	semapv:HumanCuration	orcid:0000-0002-3973-1257	Mathias Dillen			https://orcid.org/0000-0002-3973-1280	Mathias Dillen	rdf property	rdf property	2023-12-07				http://rs.tdwg.org/dwc/terms	http://rs.tdwg.org/dwc/terms/institutionID	https://tdwg.github.io    /mids-reorganization/information-elements#InstitutionID	dwc
mids:IdentifiedAsID	Identified As ID	mids:MIDS3	skos:exactMatch	dwc:scientificNameID	Scientific Name ID	dwc:Taxon	semapv:HumanCuration	orcid:0000-0002-3973-1257	Mathias Dillen			https://orcid.org/0000-0002-3973-1260	Mathias Dillen	rdf property	rdf property	2023-12-07				http://rs.tdwg.org/dwc/terms	http://rs.tdwg.org/dwc/terms/scientificNameID	https://tdwg.github.io    /mids-reorganization/information-elements#IdentifiedAsID	dwc
mids:IdentifiedByID	Identified By ID	mids:MIDS3	skos:narrowMatch	dwc:identifiedByID	Identified By ID	dwc:Identification	semapv:HumanCuration	orcid:0000-0002-3973-1257	Mathias Dillen			https://orcid.org/0000-0002-3973-1260	Mathias Dillen	rdf property	rdf property	2023-12-07				http://rs.tdwg.org/dwc/terms	http://rs.tdwg.org/dwc/terms/identifiedByID	https://tdwg.github.io    /mids-reorganization/information-elements#IdentifiedByID	dwc
mids:GeologicalContext	Geological Context	mids:MIDS2	skos:narrowMatch	dwc:lithostratigraphicTerms	Lithostratigraphic Terms	dwc:GeologicalContext	semapv:HumanCuration	hhttps://orcid.org/0000-0002-5819-9134	Ben Norton			hhttps://orcid.org/0000-0002-5819-9134	Ben Norton	rdf property	rdf property	2023-09-18				http://rs.tdwg.org/dwc/terms	http://rs.tdwg.org/dwc/terms/lithostratigraphicTerms	https://tdwg.github.io    /mids-reorganization/information-elements#GeologicalContext	dwc
mids:MediaID	Media ID	mids:MIDS3	skos:narrowMatch	dc:identifier	Identifier	gbif:Multimedia	semapv:HumanCuration	orcid:0000-0002-3973-1252	Mathias Dillen			orcid:0000-0002-3973-1252	Mathias Dillen	rdf property	rdf property	2023-12-07			|unknown:undigitized|unknown|Unknown	http://rs.tdwg.org/dwc/terms	dc:identifier	https://tdwg.github.io    /mids-reorganization/information-elements#MediaID	dwc
mids:MediaID	Media ID	mids:MIDS3	skos:narrowMatch	dc:identifier	Identifier	ac:Multimedia	semapv:HumanCuration	orcid:0000-0002-3973-1252	Mathias Dillen			orcid:0000-0002-3973-1252	Mathias Dillen	rdf property	rdf property	2023-12-07			|unknown:undigitized|unknown|Unknown	http://rs.tdwg.org/dwc/terms	dc:identifier	https://tdwg.github.io    /mids-reorganization/information-elements#MediaID	dwc
